date,pct_above_50dma,pct_above_200dma,nh_nl_ratio,mclellan,hy_spread,hy_spread_60d_avg,hy_spread_20d_delta,hy_oas_20d_change_bp,yield_10y_3m_bp
2022-01-03,0.595,0.591,0.943,0.4,262.1,400.0,45.3,-11.0,158.7
2022-01-04,0.639,0.711,-0.036,-3.8,385.2,400.0,-29.5,-11.3,87.9
2022-01-05,0.635,0.513,-0.16,6.5,275.6,400.0,-38.2,-4.3,32.5
2022-01-06,0.701,0.484,0.413,-42.8,447.2,400.0,-33.8,-14.3,59.9
2022-01-07,0.464,0.64,0.027,45.9,420.6,400.0,19.8,3.1,-46.3
2022-01-10,0.415,0.801,0.37,-34.7,350.0,400.0,-23.6,-22.7,-55.0
2022-01-11,0.816,0.819,0.497,-8.9,448.6,400.0,3.9,5.3,79.0
2022-01-12,0.761,0.697,0.421,64.8,469.9,400.0,9.9,-0.4,46.9
2022-01-13,0.696,0.734,-0.029,18.5,400.9,400.0,-3.5,24.8,76.9
2022-01-14,0.611,0.678,-0.36,48.1,386.1,400.0,-9.6,19.5,26.5
2022-01-18,0.449,0.638,0.595,6.1,395.8,400.0,-6.5,-15.9,282.7
2022-01-19,0.669,0.506,-0.296,52.1,507.3,400.0,-26.1,-0.3,127.5
2022-01-20,0.463,0.793,0.711,28.6,404.6,400.0,16.2,4.9,104.0
2022-01-21,0.755,0.599,0.061,-73.1,434.7,400.0,22.0,-9.1,206.5
2022-01-24,0.411,0.749,0.02,-52.2,516.6,400.0,4.1,-13.6,274.3
2022-01-25,0.6,0.646,-0.054,-29.4,341.6,400.0,-17.2,3.6,-3.0
2022-01-26,0.697,0.535,0.123,7.2,250.0,400.0,-1.2,9.9,128.8
2022-01-27,0.663,0.551,-0.092,-28.9,405.7,400.0,-4.0,0.5,68.1
2022-01-28,0.744,0.581,0.234,57.2,441.5,400.0,-11.9,-2.6,146.6
2022-01-31,0.46,0.663,0.077,32.2,348.8,400.0,0.5,-2.8,114.6
2022-02-01,0.69,0.792,-0.226,4.6,430.6,400.0,-5.7,-17.0,32.5
2022-02-02,0.552,0.735,-0.185,16.1,478.4,400.0,22.7,10.5,180.0
2022-02-03,0.622,0.555,0.011,69.8,294.6,400.0,-18.2,3.1,94.8
2022-02-04,0.32,0.492,-0.557,-51.2,339.1,400.0,-4.4,1.9,128.5
2022-02-07,0.758,0.731,-0.374,46.6,422.6,400.0,-17.3,7.2,168.2
2022-02-08,0.45,0.882,0.476,23.4,341.6,400.0,-1.0,39.5,167.6
2022-02-09,0.648,0.765,0.464,123.3,371.7,400.0,5.1,28.3,57.5
2022-02-10,0.802,0.894,0.381,55.8,420.5,400.0,-5.3,6.8,76.6
2022-02-11,0.931,0.59,0.303,26.1,328.6,400.0,17.5,-9.3,73.9
2022-02-14,0.716,0.65,0.242,5.0,286.9,400.0,33.3,12.9,10.2
2022-02-15,0.684,0.81,0.24,37.8,370.0,400.0,-65.5,-3.3,90.4
2022-02-16,0.73,0.454,-0.096,-25.3,415.7,400.0,17.8,2.0,137.3
2022-02-17,0.527,0.696,0.413,-59.3,445.4,400.0,-0.9,12.7,21.0
2022-02-18,0.601,0.688,-0.183,16.9,323.3,400.0,-0.2,7.7,107.6
2022-02-22,0.729,0.818,0.86,24.9,346.2,400.0,-5.3,2.9,176.4
2022-02-23,0.568,0.534,-0.052,-42.5,445.0,400.0,12.2,8.7,187.7
2022-02-24,0.318,0.623,-0.183,-62.9,327.9,400.0,1.3,16.4,-38.1
2022-02-25,0.786,0.568,1.085,32.8,342.0,400.0,16.1,-19.8,-107.4
2022-02-28,0.707,0.637,-0.22,39.6,486.2,400.0,0.3,8.2,89.8
2022-03-01,0.427,0.503,0.34,-19.9,373.9,400.0,10.8,-13.5,66.1
2022-03-02,0.425,0.714,0.205,-47.5,330.9,400.0,15.6,6.6,0.2
2022-03-03,0.649,0.67,0.297,60.0,408.6,400.0,-2.6,-17.7,78.2
2022-03-04,1.0,0.617,0.448,48.8,436.2,400.0,15.3,0.5,48.0
2022-03-07,0.609,0.684,0.341,17.0,427.8,400.0,9.8,1.9,33.0
2022-03-08,0.515,0.703,-0.359,113.8,393.6,400.0,3.7,-1.4,36.1
2022-03-09,0.329,0.828,0.203,27.0,352.1,400.0,-13.9,9.9,101.4
2022-03-10,0.654,0.638,0.193,8.9,498.0,400.0,-16.8,-4.7,-79.3
2022-03-11,0.701,0.81,0.332,-19.6,462.0,400.0,7.7,-3.6,86.8
2022-03-14,0.548,0.552,0.098,-2.2,361.3,400.0,12.8,-1.3,328.9
2022-03-15,0.576,0.575,-0.149,-46.3,399.1,400.0,-6.5,-9.9,165.8
2022-03-16,0.555,0.842,-0.168,-18.7,350.5,400.0,14.4,-6.8,65.6
2022-03-17,0.45,0.796,0.066,80.2,411.0,400.0,-14.0,10.8,186.3
2022-03-18,0.455,0.447,-0.262,18.3,408.5,400.0,-2.4,11.5,214.6
2022-03-21,0.187,0.387,-0.067,35.2,420.1,400.0,-11.6,-11.8,123.3
2022-03-22,0.438,0.831,-0.043,-61.7,486.3,400.0,-13.1,10.1,5.4
2022-03-23,0.659,0.634,0.022,84.4,443.3,400.0,-16.2,-22.0,35.2
2022-03-24,0.458,0.575,0.813,40.5,352.9,400.0,68.6,-4.8,28.5
2022-03-25,0.663,0.681,-0.187,-1.7,334.5,400.0,22.5,-17.0,-28.1
2022-03-28,0.342,0.58,-0.721,78.1,416.6,400.0,9.7,1.2,181.9
2022-03-29,0.656,0.651,0.203,-59.3,442.4,400.0,-7.9,0.1,268.0
2022-03-30,0.508,0.615,-0.148,110.4,531.8,400.0,-22.5,21.0,103.4
2022-03-31,0.502,0.605,0.443,2.4,319.5,400.0,-30.5,19.8,44.3
2022-04-01,0.796,0.419,0.051,-47.5,452.3,400.0,-3.2,-6.7,155.1
2022-04-04,0.249,0.526,0.129,-19.1,370.0,400.0,18.4,0.7,193.1
2022-04-05,0.683,0.783,-0.301,-43.0,505.4,400.0,-21.0,-13.2,44.3
2022-04-06,0.718,0.742,0.118,49.6,377.8,400.0,11.3,-9.8,121.0
2022-04-07,0.552,0.675,0.484,-7.2,470.7,400.0,3.9,-23.1,-37.7
2022-04-08,0.388,0.746,0.365,-81.3,550.8,400.0,2.9,8.5,110.2
2022-04-11,0.61,0.659,0.155,-57.2,429.3,400.0,53.0,-11.0,19.9
2022-04-12,0.531,0.445,-0.268,-62.0,355.0,400.0,5.5,-11.2,124.0
2022-04-13,0.755,0.517,0.248,51.3,364.1,400.0,4.4,-7.1,56.2
2022-04-14,0.73,0.709,0.215,24.6,342.9,400.0,-11.6,-7.3,101.1
2022-04-15,0.6,0.441,0.486,-35.9,360.4,400.0,-13.2,-13.4,272.5
2022-04-18,0.44,0.554,0.19,-7.6,357.3,400.0,-22.0,12.0,108.1
2022-04-19,0.582,0.564,0.273,7.9,544.9,400.0,-26.3,0.7,138.3
2022-04-20,0.622,0.681,-0.012,-9.1,353.4,400.0,-4.9,-10.2,86.6
2022-04-21,0.58,0.626,-0.069,-16.1,408.8,400.0,10.4,-1.0,-40.7
2022-04-22,0.564,0.672,0.243,-16.3,426.1,400.0,-37.3,-2.9,49.1
2022-04-25,0.509,0.707,0.177,85.3,424.0,400.0,-2.7,-2.7,56.5
2022-04-26,0.41,0.693,0.182,-10.9,509.3,400.0,-15.8,8.8,146.4
2022-04-27,0.565,0.753,0.141,79.7,313.0,400.0,15.6,5.6,130.7
2022-04-28,0.62,0.67,-0.519,-6.2,323.0,400.0,-7.9,28.8,125.5
2022-04-29,0.612,0.531,0.279,37.5,344.7,400.0,16.7,-14.6,171.8
2022-05-02,0.593,0.5,0.303,56.6,486.0,400.0,-11.8,25.3,7.6
2022-05-03,0.314,0.698,-0.079,11.8,432.5,400.0,9.5,5.1,263.9
2022-05-04,0.481,0.637,0.305,-6.9,518.0,400.0,0.0,-1.3,-34.3
2022-05-05,0.779,0.648,0.051,38.3,285.3,400.0,9.6,-13.6,-6.0
2022-05-06,0.705,0.571,0.136,-6.4,436.4,400.0,20.2,-8.8,129.8
2022-05-09,0.576,0.642,-0.106,3.2,427.8,400.0,37.2,1.9,13.0
2022-05-10,0.611,0.467,0.092,44.5,302.0,400.0,2.4,-16.1,104.0
2022-05-11,0.433,0.481,-0.379,-16.6,427.0,400.0,-0.6,-1.4,42.0
2022-05-12,0.439,1.0,0.012,65.3,429.6,400.0,28.5,28.1,140.6
2022-05-13,0.496,0.391,0.651,24.9,361.3,400.0,-13.6,4.0,97.0
2022-05-16,0.553,0.525,0.149,9.6,431.6,400.0,9.5,6.8,53.9
2022-05-17,0.519,0.509,0.003,24.9,334.6,400.0,-11.8,-15.4,98.0
2022-05-18,0.621,0.509,-0.007,-36.7,444.0,400.0,-2.8,7.3,262.0
2022-05-19,0.608,0.594,-0.104,50.6,471.3,400.0,-14.4,-23.4,93.2
2022-05-20,0.631,0.492,0.138,26.2,349.8,400.0,13.3,-34.3,-11.5
2022-05-23,0.311,0.734,-0.198,98.8,455.6,400.0,-4.5,6.8,-45.3
2022-05-24,0.984,0.659,0.33,34.6,312.4,400.0,-24.4,2.0,45.8
2022-05-25,0.644,0.704,0.357,-5.8,407.1,400.0,-25.1,20.7,119.5
2022-05-26,0.546,0.679,0.307,-40.3,402.7,400.0,2.6,-26.8,216.4
2022-05-27,0.54,0.565,0.393,-17.5,378.7,400.0,21.5,12.3,171.2
2022-05-31,0.599,0.555,0.384,49.7,377.5,400.0,-37.1,-3.4,37.5
2022-06-01,0.529,0.808,0.197,19.8,498.8,400.0,-5.4,10.5,-6.8
2022-06-02,0.485,0.664,0.503,-51.5,250.0,400.0,-12.1,-21.3,83.5
2022-06-03,0.588,0.664,0.245,-56.6,493.3,400.0,17.8,7.0,91.0
2022-06-06,0.728,0.662,-0.075,67.5,321.6,400.0,-19.3,-23.4,67.8
2022-06-07,0.586,0.66,0.082,4.0,502.4,400.0,-0.5,20.7,151.2
2022-06-08,0.627,0.476,0.368,6.8,460.7,400.0,-25.4,-8.7,24.6
2022-06-09,0.748,0.695,0.241,1.0,423.9,400.0,23.9,-3.1,85.1
2022-06-10,0.722,0.958,-0.058,19.6,472.9,400.0,-18.6,5.4,122.9
2022-06-13,0.854,0.658,0.115,37.1,371.5,400.0,23.2,-13.6,-25.4
2022-06-14,0.372,0.858,-0.13,-10.7,432.7,400.0,1.1,11.1,125.6
2022-06-15,0.462,0.667,0.345,57.0,392.2,400.0,-17.9,17.4,177.0
2022-06-16,0.471,0.686,0.502,-46.0,419.3,400.0,12.2,-23.6,161.5
2022-06-17,0.337,0.689,-0.372,64.8,451.4,400.0,15.1,-6.9,97.9
2022-06-21,0.483,0.417,0.224,25.8,436.1,400.0,34.1,-8.9,11.7
2022-06-22,0.7,0.469,-0.221,-38.4,376.7,400.0,11.2,-15.5,30.4
2022-06-23,0.806,0.629,-0.317,72.9,406.0,400.0,13.2,-0.9,83.2
2022-06-24,0.658,0.858,0.491,26.6,392.5,400.0,16.9,5.9,112.1
2022-06-27,0.883,0.595,0.438,50.0,361.4,400.0,-67.6,-12.7,20.5
2022-06-28,0.476,0.712,0.165,-74.1,462.7,400.0,7.7,24.3,127.4
2022-06-29,0.719,0.538,-0.051,-21.1,478.6,400.0,20.2,-0.1,49.6
2022-06-30,0.7,0.764,0.015,0.2,542.0,400.0,4.6,2.1,73.1
2022-07-01,0.629,0.473,-0.083,12.2,356.4,400.0,-10.2,2.9,152.5
2022-07-05,0.585,0.78,0.695,43.5,464.9,400.0,-14.1,-21.2,-97.3
2022-07-06,0.559,0.645,0.685,45.7,422.9,400.0,-0.9,-23.7,96.5
2022-07-07,0.725,0.628,0.347,-83.0,384.0,400.0,-2.7,18.1,81.3
2022-07-08,0.672,0.733,0.122,-14.8,452.7,400.0,4.1,19.6,15.1
2022-07-11,0.65,0.812,-0.269,-7.9,403.7,400.0,0.1,14.4,249.8
2022-07-12,0.681,0.463,0.038,25.8,394.9,400.0,12.6,-6.8,15.3
2022-07-13,0.59,0.732,0.106,48.0,396.9,400.0,-26.2,-11.3,162.6
2022-07-14,0.719,0.451,-0.103,44.1,357.8,400.0,16.0,-8.3,155.1
2022-07-15,0.497,0.57,0.511,45.4,476.1,400.0,25.4,-31.2,130.1
2022-07-18,0.617,0.348,0.66,-2.5,409.6,400.0,-33.5,-4.6,11.2
2022-07-19,0.595,0.618,0.055,34.3,447.4,400.0,-8.7,-1.5,158.6
2022-07-20,0.569,0.674,0.41,-61.0,496.5,400.0,16.9,-2.3,42.6
2022-07-21,0.612,0.765,0.191,31.9,346.4,400.0,8.4,-10.6,-78.8
2022-07-22,0.512,0.688,-0.124,72.0,550.1,400.0,-23.0,3.3,92.5
2022-07-25,0.985,0.656,0.451,-52.5,405.9,400.0,11.9,15.3,110.4
2022-07-26,0.777,0.761,0.575,8.5,426.5,400.0,-37.5,-15.2,160.1
2022-07-27,0.776,0.812,0.269,58.7,447.5,400.0,10.0,-8.0,41.2
2022-07-28,0.695,0.776,-0.029,39.5,346.3,400.0,26.9,-56.7,246.3
2022-07-29,0.744,0.9,0.348,61.2,351.8,400.0,-0.5,18.7,97.6
2022-08-01,0.742,0.586,0.029,21.1,384.8,400.0,16.1,-8.4,175.1
2022-08-02,0.561,0.803,0.37,68.8,407.4,400.0,6.7,1.5,155.9
2022-08-03,0.558,0.474,0.546,33.5,351.6,400.0,-15.0,-7.8,138.7
2022-08-04,0.482,0.5,-0.091,4.5,317.4,400.0,-11.3,1.3,195.2
2022-08-05,0.707,0.648,0.28,20.5,469.3,400.0,-6.2,8.0,80.5
2022-08-08,0.346,0.593,0.018,45.2,334.4,400.0,-4.9,-10.0,145.7
2022-08-09,0.659,0.735,0.454,5.5,454.9,400.0,23.3,6.8,93.7
2022-08-10,0.551,0.705,0.116,0.6,328.6,400.0,29.8,-26.6,93.1
2022-08-11,0.355,0.839,0.559,9.7,359.3,400.0,17.3,10.8,48.0
2022-08-12,0.642,0.715,0.848,-59.1,389.4,400.0,29.6,-13.1,94.2
2022-08-15,0.559,0.706,-0.135,-44.0,537.1,400.0,5.6,8.5,208.9
2022-08-16,0.661,0.514,0.202,-40.9,411.4,400.0,-53.4,7.2,153.8
2022-08-17,0.523,0.62,0.466,30.9,416.0,400.0,0.1,40.3,134.3
2022-08-18,0.383,0.761,0.046,79.5,391.7,400.0,-15.5,13.3,51.6
2022-08-19,0.577,1.0,0.297,-18.9,346.8,400.0,13.4,18.2,50.2
2022-08-22,0.47,0.549,-0.01,9.4,440.9,400.0,-2.8,4.2,39.8
2022-08-23,0.321,0.791,-0.363,21.0,401.8,400.0,6.3,2.4,203.9
2022-08-24,0.727,0.652,0.325,-77.3,484.4,400.0,1.0,-28.6,168.8
2022-08-25,0.509,0.664,0.329,21.9,331.0,400.0,-11.0,20.8,-22.8
2022-08-26,0.579,0.552,-0.134,59.1,480.5,400.0,-16.8,29.3,177.2
2022-08-29,0.269,0.593,-0.002,-25.9,413.9,400.0,-9.8,-0.2,197.0
2022-08-30,0.536,0.639,0.052,4.5,352.8,400.0,8.8,-10.5,118.6
2022-08-31,0.705,0.756,0.313,40.7,418.4,400.0,27.5,-8.9,228.2
2022-09-01,0.294,0.831,0.402,-27.0,351.1,400.0,8.8,-2.9,16.2
2022-09-02,0.579,0.592,0.259,8.3,471.7,400.0,51.0,-11.9,117.9
2022-09-06,0.493,0.584,-0.226,46.0,393.1,400.0,12.7,3.8,211.4
2022-09-07,0.71,0.74,0.013,-68.7,351.9,400.0,4.4,14.2,152.6
2022-09-08,0.528,0.62,0.046,20.6,366.7,400.0,22.8,-2.0,251.1
2022-09-09,0.67,0.778,0.02,-11.8,352.7,400.0,-28.6,6.9,48.8
2022-09-12,0.694,0.726,0.395,49.7,492.2,400.0,-12.9,14.5,23.7
2022-09-13,0.55,0.579,0.495,83.4,332.3,400.0,12.3,-5.6,48.1
2022-09-14,0.674,0.761,0.394,-46.9,395.9,400.0,-14.5,24.4,78.2
2022-09-15,0.562,0.71,0.525,-49.3,415.4,400.0,28.7,29.0,275.9
2022-09-16,0.651,0.623,0.124,-18.1,373.6,400.0,-9.8,19.9,48.5
2022-09-19,0.458,0.706,-0.046,33.6,319.1,400.0,16.4,3.8,79.7
2022-09-20,0.458,0.531,-0.243,7.3,525.6,400.0,2.1,-15.2,5.7
2022-09-21,0.425,0.601,0.013,72.4,380.5,400.0,38.9,8.5,50.7
2022-09-22,0.64,0.744,-0.141,-44.9,321.3,400.0,14.8,5.8,112.4
2022-09-23,0.781,0.618,0.655,-25.5,353.3,400.0,11.8,27.5,-77.7
2022-09-26,0.744,0.704,0.361,84.4,407.2,400.0,-7.1,-5.3,84.2
2022-09-27,0.564,0.475,-0.173,4.4,389.6,400.0,-11.4,-11.1,28.3
2022-09-28,0.576,0.643,0.049,92.2,315.8,400.0,1.4,27.3,117.9
2022-09-29,0.723,0.679,-0.066,41.3,418.3,400.0,11.2,-3.5,191.2
2022-09-30,0.798,0.575,-0.087,16.8,329.8,400.0,6.8,0.3,65.0
2022-10-03,0.276,0.663,-0.01,34.5,446.5,400.0,-29.0,-9.6,111.2
2022-10-04,0.524,0.677,0.004,-61.5,423.3,400.0,-6.7,2.9,60.6
2022-10-05,0.623,0.527,-0.025,60.2,382.0,400.0,6.5,0.0,176.9
2022-10-06,0.594,0.31,0.117,23.3,595.5,400.0,-19.2,-0.1,79.9
2022-10-07,0.589,0.541,0.013,-70.2,366.2,400.0,8.1,2.2,183.6
2022-10-11,0.886,0.397,0.448,11.5,392.8,400.0,-8.8,0.5,117.6
2022-10-12,0.474,0.737,0.111,0.3,493.9,400.0,11.8,-18.7,226.6
2022-10-13,0.508,0.786,0.1,55.4,447.8,400.0,-4.4,17.3,140.6
2022-10-14,0.456,0.509,-0.029,-17.5,346.1,400.0,1.0,12.8,106.6
2022-10-17,0.362,0.522,0.065,26.8,423.2,400.0,3.5,8.6,175.8
2022-10-18,0.5,0.605,-0.281,-17.3,460.3,400.0,10.6,-10.7,237.7
2022-10-19,0.457,0.57,0.024,-75.1,250.0,400.0,17.1,16.8,226.5
2022-10-20,0.556,0.56,0.469,-47.8,376.4,400.0,-23.7,-1.0,288.1
2022-10-21,0.73,0.443,-0.11,4.8,509.4,400.0,-0.4,-6.1,92.5
2022-10-24,0.498,0.643,0.2,-5.0,358.9,400.0,2.8,-2.7,122.4
2022-10-25,0.725,0.54,0.467,25.0,489.1,400.0,62.4,-2.2,75.7
2022-10-26,0.739,0.461,0.184,-8.7,354.8,400.0,18.0,-17.6,28.3
2022-10-27,0.585,0.591,0.002,-33.4,413.0,400.0,2.4,11.6,147.1
2022-10-28,0.674,0.666,0.294,-1.5,404.9,400.0,-24.6,2.4,-97.4
2022-10-31,0.725,0.623,0.092,-59.6,356.3,400.0,-3.7,13.1,131.7
2022-11-01,0.546,0.71,0.364,6.3,294.8,400.0,46.2,-8.6,210.2
2022-11-02,0.568,0.883,0.196,-81.4,449.6,400.0,-29.9,6.1,166.2
2022-11-03,0.655,0.644,-0.378,23.5,364.6,400.0,-4.2,-1.4,161.3
2022-11-04,0.669,0.818,-0.062,25.6,521.9,400.0,26.4,-6.3,-46.7
2022-11-07,0.591,0.48,0.173,59.1,382.5,400.0,44.4,5.3,232.9
2022-11-08,0.713,0.251,0.418,-10.4,391.7,400.0,-3.9,10.3,69.6
2022-11-09,0.573,0.548,0.339,35.5,428.3,400.0,12.5,-9.1,144.7
2022-11-10,0.682,0.601,0.376,-57.5,354.6,400.0,19.7,23.7,65.0
2022-11-14,0.658,0.506,0.052,21.7,398.1,400.0,14.0,-3.7,85.8
2022-11-15,0.506,0.724,-0.091,-19.1,301.4,400.0,6.3,32.8,163.7
2022-11-16,0.806,0.575,-0.072,-12.6,453.4,400.0,28.0,-11.2,198.5
2022-11-17,0.741,0.629,-0.11,74.8,306.8,400.0,24.2,-5.1,81.3
2022-11-18,0.443,0.645,0.758,-22.4,452.3,400.0,10.0,-31.3,113.6
2022-11-21,0.7,0.796,0.65,29.0,380.3,400.0,34.9,-0.1,9.6
2022-11-22,0.552,0.576,-0.258,10.3,360.2,400.0,3.8,18.1,185.1
2022-11-23,0.716,0.591,0.223,45.8,373.0,400.0,4.7,-15.1,-70.1
2022-11-25,0.763,0.797,0.064,-34.1,427.3,400.0,-4.0,9.7,-13.5
2022-11-28,0.682,0.826,0.012,-49.6,425.3,400.0,-47.2,-9.8,-86.8
2022-11-29,0.777,0.826,0.287,-39.3,374.7,400.0,5.2,4.7,75.4
2022-11-30,0.685,0.82,-0.047,-51.0,350.2,400.0,4.0,13.0,90.1
2022-12-01,0.538,0.37,-0.041,-6.0,328.2,400.0,-23.2,33.4,130.1
2022-12-02,0.284,0.532,0.252,3.0,259.4,400.0,-13.3,18.3,185.5
2022-12-05,0.427,0.896,0.504,35.1,474.4,400.0,20.6,-4.5,72.8
2022-12-06,0.51,0.718,0.717,33.2,418.1,400.0,-26.4,-23.1,137.7
2022-12-07,0.673,0.861,0.262,-52.0,475.1,400.0,-0.3,7.5,-15.9
2022-12-08,0.409,0.758,-0.156,30.5,459.8,400.0,17.4,21.6,147.1
2022-12-09,0.392,0.713,0.323,-19.9,461.7,400.0,-21.9,0.8,69.7
2022-12-12,0.533,0.717,-0.011,34.1,371.3,400.0,1.9,-6.4,72.8
2022-12-13,0.551,0.632,0.107,-89.8,409.2,400.0,7.9,12.1,96.6
2022-12-14,0.611,0.655,0.574,0.6,340.7,400.0,17.6,-2.4,40.6
2022-12-15,0.787,0.515,0.526,18.8,434.2,400.0,6.1,-4.1,84.7
2022-12-16,0.52,0.584,0.376,-8.1,410.3,400.0,9.4,4.7,203.0
2022-12-19,0.574,0.598,0.605,13.4,429.3,400.0,-9.5,11.3,193.8
2022-12-20,0.728,0.695,-0.596,52.6,393.7,400.0,8.6,-16.1,116.2
2022-12-21,0.459,0.737,-0.102,-2.2,468.7,400.0,15.9,-26.2,79.5
2022-12-22,0.77,0.763,0.301,45.5,369.4,400.0,-27.7,-17.8,43.1
2022-12-23,0.448,0.879,0.095,38.0,343.0,400.0,9.3,-12.2,20.4
2022-12-27,0.532,0.763,0.448,-19.5,490.8,400.0,55.2,29.3,193.8
2022-12-28,0.488,0.745,-0.25,-93.0,432.8,400.0,-10.7,-6.9,99.5
2022-12-29,0.831,0.491,0.468,10.9,379.4,400.0,3.4,7.8,-52.1
2022-12-30,0.613,0.457,0.265,59.6,302.4,400.0,-15.2,-8.5,-5.1
2023-01-03,0.569,0.694,0.145,55.2,374.4,400.0,24.8,-10.2,18.1
2023-01-04,0.418,0.614,-0.385,22.3,269.1,400.0,10.1,16.3,-136.7
2023-01-05,0.772,0.668,0.773,-13.0,344.1,400.0,-1.4,-27.0,41.0
2023-01-06,0.719,0.519,-0.247,38.3,372.3,400.0,16.2,19.6,-80.5
2023-01-09,0.496,0.651,-0.309,-43.5,438.9,400.0,19.0,-0.1,121.3
2023-01-10,0.601,0.591,0.296,25.9,398.8,400.0,-23.3,1.6,99.1
2023-01-11,0.656,0.705,0.442,49.8,348.0,400.0,9.2,16.2,179.0
2023-01-12,0.647,0.722,0.072,6.8,471.5,400.0,7.2,21.3,129.0
2023-01-13,0.525,0.688,-0.147,-32.9,335.1,400.0,0.2,-13.3,309.9
2023-01-17,0.825,0.515,-0.032,7.4,280.0,400.0,0.2,-22.9,71.9
2023-01-18,0.565,0.633,0.233,23.6,452.6,400.0,16.2,-24.8,53.3
2023-01-19,0.569,0.853,-0.068,-30.2,372.8,400.0,-28.3,0.3,186.7
2023-01-20,0.745,0.589,0.476,-6.8,444.0,400.0,-9.8,-13.9,120.3
2023-01-23,0.708,0.569,-0.136,43.5,353.8,400.0,2.4,-19.3,102.4
2023-01-24,0.735,0.743,-0.371,48.4,354.5,400.0,-10.5,7.8,179.8
2023-01-25,0.882,0.583,0.579,14.9,327.1,400.0,-1.6,8.8,185.7
2023-01-26,0.498,0.542,-0.102,-22.8,411.4,400.0,-6.6,-3.9,-45.2
2023-01-27,0.621,0.567,0.253,-76.5,441.1,400.0,21.1,-4.0,88.3
2023-01-30,0.478,0.766,0.266,21.2,458.0,400.0,0.1,3.7,135.7
2023-01-31,0.52,0.627,-0.093,-50.8,488.5,400.0,34.7,-18.4,-108.2
2023-02-01,0.48,0.747,0.29,16.0,431.2,400.0,0.1,8.4,35.9
2023-02-02,0.587,0.792,-0.025,-15.2,339.3,400.0,22.0,11.4,140.8
2023-02-03,0.72,0.598,-0.106,35.8,476.9,400.0,11.3,19.8,178.7
2023-02-06,0.546,0.631,0.087,-34.9,409.2,400.0,28.9,-27.4,71.2
2023-02-07,0.622,0.622,0.627,-48.3,453.0,400.0,-6.3,7.7,12.6
2023-02-08,0.466,0.554,0.195,24.5,375.5,400.0,4.5,8.7,108.1
2023-02-09,0.488,0.77,0.379,8.3,408.5,400.0,-26.0,24.0,89.3
2023-02-10,0.393,0.599,0.125,38.1,408.2,400.0,-28.5,-2.9,50.8
2023-02-13,0.547,0.525,-0.056,61.7,334.2,400.0,17.3,-2.9,-15.8
2023-02-14,0.576,0.855,0.205,-9.2,292.6,400.0,-14.6,-3.4,61.5
2023-02-15,0.592,0.623,0.06,39.8,374.9,400.0,20.1,-6.0,-26.4
2023-02-16,0.486,0.643,-0.031,-55.6,487.7,400.0,-0.7,-13.5,40.1
2023-02-17,0.647,0.581,0.33,-40.2,383.3,400.0,18.2,-15.3,93.8
2023-02-21,0.568,0.512,0.232,9.8,399.7,400.0,16.2,-10.3,46.7
2023-02-22,0.473,0.471,-0.086,-5.1,396.3,400.0,-48.7,6.8,252.1
2023-02-23,0.615,0.754,0.368,-78.6,459.5,400.0,-5.7,-13.5,87.9
2023-02-24,0.61,0.582,0.098,80.4,328.8,400.0,-20.9,9.5,172.2
2023-02-27,0.579,0.397,0.353,-76.5,448.8,400.0,-62.5,-0.5,109.0
2023-02-28,0.764,0.552,-0.098,-8.9,388.9,400.0,-13.5,8.2,4.3
2023-03-01,0.656,0.616,-0.159,47.0,398.7,400.0,-32.8,10.5,48.7
2023-03-02,0.995,0.561,-0.037,0.9,426.0,400.0,-0.7,-4.1,86.4
2023-03-03,0.533,0.71,0.108,33.5,396.0,400.0,-15.1,17.6,47.9
2023-03-06,0.61,0.599,0.044,-21.5,417.3,400.0,10.2,17.3,98.0
2023-03-07,0.426,0.753,0.483,14.8,362.7,400.0,1.8,-17.7,47.4
2023-03-08,0.525,0.754,-0.139,64.9,471.0,400.0,18.3,-10.5,107.2
2023-03-09,0.316,0.53,-0.493,-9.4,406.7,400.0,17.2,-4.9,176.9
2023-03-10,0.672,0.562,0.098,28.6,459.9,400.0,16.8,15.4,165.7
2023-03-13,0.741,0.777,0.251,-0.8,432.6,400.0,6.2,19.5,127.0
2023-03-14,0.558,0.684,-0.005,15.0,455.2,400.0,-6.9,4.5,112.2
2023-03-15,0.351,0.734,0.166,28.4,455.3,400.0,-9.8,21.3,12.7
2023-03-16,0.921,0.734,-0.133,-39.5,415.5,400.0,-13.7,-5.2,188.5
2023-03-17,0.534,0.568,-0.178,-33.3,455.5,400.0,-4.0,22.5,-44.0
2023-03-20,0.528,0.95,0.271,-15.4,425.7,400.0,17.6,14.2,72.6
2023-03-21,0.715,0.768,0.285,36.9,521.0,400.0,19.4,2.6,27.8
2023-03-22,0.453,0.599,0.275,47.6,409.2,400.0,-30.6,9.8,148.4
2023-03-23,0.491,0.774,0.267,78.5,423.7,400.0,3.9,17.9,237.7
2023-03-24,0.702,0.636,0.225,-6.2,445.9,400.0,1.3,-6.6,71.8
2023-03-27,0.794,0.665,0.057,-12.3,371.0,400.0,-21.0,-9.4,230.7
2023-03-28,0.561,0.576,0.309,14.7,452.8,400.0,15.2,8.2,59.8
2023-03-29,0.386,0.544,-0.147,-34.3,376.3,400.0,38.5,-2.9,50.8
2023-03-30,0.74,0.743,0.474,48.2,373.9,400.0,-8.7,0.0,46.0
2023-03-31,0.248,0.566,0.37,-28.4,372.3,400.0,-0.7,23.3,197.8
2023-04-03,0.673,0.557,-0.345,-35.4,264.8,400.0,10.5,-12.0,194.0
2023-04-04,0.399,0.612,0.345,-45.3,425.4,400.0,49.6,13.2,73.8
2023-04-05,0.545,0.521,0.345,-16.9,402.6,400.0,17.9,4.1,149.2
2023-04-06,0.646,0.656,0.822,-3.0,405.5,400.0,-13.1,-16.6,56.0
2023-04-07,0.454,0.588,-0.212,-20.9,430.7,400.0,-15.3,-19.1,186.7
2023-04-10,0.531,0.77,-0.297,-32.2,399.3,400.0,0.0,-35.0,60.9
2023-04-11,0.534,0.773,0.406,69.4,442.8,400.0,-1.5,-6.6,173.8
2023-04-12,0.582,0.648,0.234,-2.7,363.5,400.0,15.4,-16.1,162.7
2023-04-13,0.625,0.55,-0.304,23.0,331.3,400.0,0.0,0.6,137.1
2023-04-14,0.6,0.626,0.71,28.3,386.7,400.0,4.3,2.7,-74.8
2023-04-17,0.604,0.606,-0.007,-12.9,411.0,400.0,-15.1,-25.7,161.6
2023-04-18,0.761,0.84,-0.022,-42.1,419.2,400.0,-2.9,-31.3,196.6
2023-04-19,0.816,0.61,0.334,-12.9,417.8,400.0,9.8,8.3,118.7
2023-04-20,0.67,0.677,0.779,24.8,542.3,400.0,43.6,-6.1,173.3
2023-04-21,0.643,0.727,-0.044,-30.5,272.6,400.0,-0.7,-12.9,95.5
2023-04-24,0.37,0.824,0.28,30.8,418.8,400.0,5.5,-4.1,37.2
2023-04-25,0.242,0.608,-0.197,-98.6,376.6,400.0,-9.9,6.6,92.2
2023-04-26,0.548,0.474,0.087,8.3,440.1,400.0,-15.6,14.5,224.5
2023-04-27,0.83,0.665,0.623,34.5,427.7,400.0,10.2,-0.2,131.0
2023-04-28,0.562,0.786,0.546,52.9,385.9,400.0,9.5,3.7,42.2
2023-05-01,0.707,0.696,-0.033,-50.1,335.0,400.0,-26.2,13.8,172.5
2023-05-02,0.57,0.584,0.373,22.9,370.6,400.0,-27.3,13.5,163.6
2023-05-03,0.624,0.61,0.153,76.5,382.2,400.0,19.1,17.0,204.4
2023-05-04,0.504,0.547,0.076,101.2,330.2,400.0,-15.4,-19.3,12.0
2023-05-05,0.713,0.623,-0.434,10.1,459.0,400.0,2.8,-42.0,44.7
2023-05-08,0.604,0.546,-0.026,-28.1,481.2,400.0,5.8,-11.8,215.9
2023-05-09,0.483,0.697,-0.212,70.4,356.3,400.0,3.3,14.0,81.0
2023-05-10,0.362,0.71,0.193,36.8,291.9,400.0,-5.0,-0.9,-113.0
2023-05-11,0.715,0.66,-0.142,89.2,365.8,400.0,12.9,18.9,-24.3
2023-05-12,0.656,0.755,-0.572,82.9,309.8,400.0,23.8,-18.8,169.6
2023-05-15,0.631,0.797,0.204,-56.0,436.4,400.0,-0.0,-11.6,60.3
2023-05-16,0.469,0.823,0.276,29.2,357.0,400.0,-27.8,6.3,47.2
2023-05-17,0.714,0.665,-0.122,21.7,304.5,400.0,-22.6,3.0,232.1
2023-05-18,0.492,0.585,-0.594,47.3,326.8,400.0,28.3,3.3,118.6
2023-05-19,0.736,0.387,0.006,11.2,316.2,400.0,-15.6,-2.4,185.3
2023-05-22,0.46,0.595,-0.154,90.2,444.1,400.0,19.0,-1.7,117.3
2023-05-23,0.414,0.497,-0.325,2.3,352.4,400.0,-26.8,25.0,67.9
2023-05-24,0.597,0.653,0.047,2.0,390.0,400.0,-25.1,-1.6,-31.0
2023-05-25,0.7,0.747,-0.015,53.0,404.2,400.0,8.7,16.3,62.6
2023-05-26,0.718,0.739,-0.135,5.4,332.2,400.0,-14.4,-0.6,71.2
2023-05-30,0.629,0.749,0.194,10.3,307.5,400.0,26.4,16.5,7.8
2023-05-31,0.773,0.471,0.133,-32.1,385.1,400.0,-0.5,-1.5,158.6
2023-06-01,0.641,0.473,-0.023,-22.1,472.6,400.0,-18.0,-3.1,39.9
2023-06-02,0.614,0.804,0.161,-41.5,367.2,400.0,-25.1,-1.6,109.2
2023-06-05,0.249,0.407,0.075,-9.9,515.2,400.0,37.3,12.2,59.4
2023-06-06,0.444,0.734,-0.179,-25.9,377.6,400.0,-3.9,-22.3,29.8
2023-06-07,0.759,0.627,0.124,-34.4,336.3,400.0,-1.8,-6.3,-16.7
2023-06-08,0.459,0.61,0.28,-4.0,364.5,400.0,-4.4,9.9,50.2
2023-06-09,0.557,0.674,0.034,48.6,270.9,400.0,4.3,-1.9,81.4
2023-06-12,0.54,0.867,0.844,-35.7,426.9,400.0,4.5,-11.8,109.5
2023-06-13,0.445,0.555,0.091,24.4,381.2,400.0,0.6,-1.7,64.6
2023-06-14,0.507,0.602,0.231,45.8,353.0,400.0,-34.7,11.0,104.2
2023-06-15,0.593,0.785,0.162,-46.3,493.8,400.0,14.7,17.6,119.6
2023-06-16,0.424,0.545,0.289,-35.6,365.4,400.0,-5.1,-16.3,161.2
2023-06-20,0.547,0.752,0.277,82.7,447.3,400.0,21.2,25.4,192.0
2023-06-21,0.494,0.645,-0.078,20.3,391.2,400.0,32.8,-10.6,184.1
2023-06-22,0.615,0.381,0.175,32.5,452.6,400.0,-0.3,-1.7,20.6
2023-06-23,0.733,0.664,0.011,-10.0,418.8,400.0,3.6,-15.4,107.6
2023-06-26,0.806,0.661,-0.071,-8.9,431.0,400.0,-6.5,3.5,222.5
2023-06-27,0.613,0.676,0.045,-72.0,370.9,400.0,-26.3,-7.5,60.5
2023-06-28,0.448,0.733,0.04,-9.3,412.9,400.0,28.8,-8.5,206.1
2023-06-29,0.812,0.721,0.493,47.7,376.7,400.0,-7.8,6.1,125.9
2023-06-30,0.659,0.651,-0.146,-7.2,325.7,400.0,4.3,-2.1,-15.1
2023-07-03,0.515,0.787,0.173,90.4,338.0,400.0,-34.5,-9.9,257.7
2023-07-05,0.55,0.605,0.171,-5.7,367.8,400.0,-22.0,-7.3,166.6
2023-07-06,0.5,0.685,0.024,-58.2,412.0,400.0,-45.0,9.0,132.4
2023-07-07,0.709,0.545,0.443,40.2,433.6,400.0,2.9,-19.3,131.3
2023-07-10,0.747,0.403,0.258,56.6,459.2,400.0,-18.1,4.7,123.5
2023-07-11,0.65,0.556,-0.383,-22.0,495.1,400.0,-9.4,-16.5,59.9
2023-07-12,0.764,0.662,0.545,53.8,360.2,400.0,2.8,8.2,157.3
2023-07-13,0.59,0.457,0.814,-9.8,483.1,400.0,-30.7,20.4,71.0
2023-07-14,0.953,0.543,0.698,66.2,329.6,400.0,-11.0,-12.7,13.5
2023-07-17,0.581,0.857,0.242,51.6,403.2,400.0,4.6,-13.1,38.2
2023-07-18,0.31,0.616,-0.228,14.1,328.7,400.0,2.6,29.4,-36.4
2023-07-19,0.737,0.704,0.15,49.4,357.0,400.0,-43.7,11.9,80.8
2023-07-20,0.54,0.546,-0.287,49.8,314.6,400.0,8.5,-4.5,13.2
2023-07-21,0.761,0.485,0.406,118.4,400.9,400.0,-22.7,-1.2,50.3
2023-07-24,0.644,0.528,0.269,9.3,347.9,400.0,3.8,-17.6,-16.6
2023-07-25,0.497,0.777,0.766,-56.8,363.3,400.0,4.1,-31.5,-25.8
2023-07-26,0.585,0.615,0.352,-18.9,362.1,400.0,27.5,-0.6,256.6
2023-07-27,0.381,0.665,-0.147,38.6,366.9,400.0,-0.0,-7.3,107.6
2023-07-28,0.486,0.565,0.509,-11.3,440.1,400.0,-9.2,9.7,74.4
2023-07-31,0.649,0.739,0.081,-15.7,470.6,400.0,-20.5,0.2,49.9
2023-08-01,0.714,0.819,0.058,8.7,325.8,400.0,7.1,-5.2,127.6
2023-08-02,0.719,0.92,0.195,88.9,399.7,400.0,-29.4,-5.9,102.6
2023-08-03,0.507,0.728,-0.04,-29.8,417.6,400.0,-15.2,-25.2,76.2
2023-08-04,0.76,0.534,-0.071,-64.0,400.8,400.0,-59.7,-17.0,131.2
2023-08-07,0.604,0.425,0.832,83.5,527.3,400.0,-30.0,-16.4,146.0
2023-08-08,0.688,0.808,0.47,35.0,386.5,400.0,18.6,11.2,-75.7
2023-08-09,0.761,0.428,0.292,-60.8,322.4,400.0,-17.4,8.8,102.2
2023-08-10,0.637,0.641,0.121,-6.8,364.4,400.0,-6.7,3.4,131.0
2023-08-11,0.462,0.772,-0.326,33.0,410.6,400.0,-18.8,25.9,80.5
2023-08-14,0.777,0.852,0.408,2.8,424.8,400.0,20.6,3.7,-19.8
2023-08-15,0.665,0.542,-0.051,-12.1,374.0,400.0,-7.8,1.0,71.5
2023-08-16,0.662,0.669,0.031,15.4,409.6,400.0,0.6,-7.6,91.2
2023-08-17,0.42,0.635,0.371,97.3,487.2,400.0,-15.9,-3.9,118.0
2023-08-18,0.779,0.563,-0.369,1.1,515.1,400.0,39.8,-12.9,171.1
2023-08-21,0.664,0.799,0.063,-13.8,478.6,400.0,-27.3,17.9,177.9
2023-08-22,0.397,0.718,0.161,5.4,464.2,400.0,-10.9,7.2,80.1
2023-08-23,0.568,0.507,0.319,-15.4,443.7,400.0,28.2,-2.6,128.4
2023-08-24,0.588,0.626,-0.033,-61.3,390.4,400.0,-3.3,-3.1,90.9
2023-08-25,0.608,0.605,-0.359,7.0,394.0,400.0,8.8,19.1,172.0
2023-08-28,0.569,0.702,0.162,5.1,454.9,400.0,12.5,10.5,161.6
2023-08-29,0.602,0.879,-0.161,-19.1,453.7,400.0,10.6,-11.7,153.9
2023-08-30,0.743,0.69,0.264,-23.8,430.8,400.0,21.9,-21.8,85.5
2023-08-31,0.59,0.616,0.431,-7.9,463.3,400.0,15.6,-3.4,197.7
2023-09-01,0.517,0.638,0.158,71.5,289.0,400.0,-38.9,4.0,146.1
2023-09-05,0.622,0.698,-0.27,105.5,421.4,400.0,14.6,-25.7,69.0
2023-09-06,0.765,0.442,0.171,44.2,323.3,400.0,-7.6,-26.2,109.4
2023-09-07,0.711,0.783,0.164,0.1,384.6,400.0,9.9,-6.0,45.6
2023-09-08,0.253,0.67,-0.12,-31.8,398.2,400.0,-23.5,11.4,137.1
2023-09-11,0.405,0.635,0.501,-0.1,379.2,400.0,15.3,3.2,126.3
2023-09-12,0.33,0.601,0.163,84.0,351.6,400.0,-8.7,1.5,92.5
2023-09-13,0.664,0.642,0.162,36.2,450.5,400.0,-9.4,-5.0,17.0
2023-09-14,0.764,0.535,0.11,41.1,434.1,400.0,17.0,13.9,146.6
2023-09-15,0.592,0.455,0.625,-10.4,473.7,400.0,-11.2,10.6,122.0
2023-09-18,0.619,0.714,0.566,24.4,381.1,400.0,0.1,27.9,-4.8
2023-09-19,0.453,0.56,0.004,40.7,392.9,400.0,2.7,-2.1,152.4
2023-09-20,0.765,0.677,0.382,0.0,557.2,400.0,5.1,17.8,79.0
2023-09-21,0.484,0.626,0.09,-50.1,379.4,400.0,-6.5,-5.7,16.4
2023-09-22,0.764,0.805,0.315,2.1,306.8,400.0,-6.7,-5.1,142.4
2023-09-25,0.509,0.707,-0.109,-59.4,452.0,400.0,-10.0,4.9,30.8
2023-09-26,0.844,0.782,0.044,39.3,458.0,400.0,17.5,-3.1,-30.0
2023-09-27,0.388,0.741,-0.378,-8.1,469.0,400.0,3.0,-7.0,113.8
2023-09-28,0.442,0.861,0.098,37.4,464.6,400.0,19.3,8.2,36.9
2023-09-29,0.776,0.462,-0.16,10.7,346.2,400.0,15.1,-8.4,118.4
2023-10-02,0.773,0.826,-0.298,73.6,440.9,400.0,13.4,31.1,216.9
2023-10-03,0.559,0.555,0.134,35.8,430.1,400.0,-9.9,6.4,190.9
2023-10-04,0.396,0.519,-0.222,67.2,441.8,400.0,1.6,8.2,75.0
2023-10-05,0.225,0.5,-0.096,38.2,392.9,400.0,-38.7,5.8,90.2
2023-10-06,0.809,0.6,0.679,-25.1,462.8,400.0,-30.3,28.2,-51.1
2023-10-10,0.663,0.701,-0.194,-38.4,430.5,400.0,-62.5,21.5,20.2
2023-10-11,0.624,0.816,0.008,51.3,421.9,400.0,-6.5,16.0,184.2
2023-10-12,0.496,0.421,-0.211,21.8,371.2,400.0,25.7,22.4,187.8
2023-10-13,0.542,0.686,0.522,-33.7,449.7,400.0,12.8,-0.3,252.7
2023-10-16,0.73,0.532,0.166,3.7,392.4,400.0,-14.1,16.5,35.2
2023-10-17,0.432,0.499,0.44,-0.2,416.2,400.0,27.2,4.7,91.2
2023-10-18,0.728,0.584,0.229,60.7,395.2,400.0,-4.7,18.1,5.5
2023-10-19,0.697,0.661,0.165,3.5,446.2,400.0,29.5,1.9,101.8
2023-10-20,0.838,0.571,0.271,27.3,409.8,400.0,-32.6,3.2,198.8
2023-10-23,0.68,0.502,-0.434,-0.1,344.3,400.0,0.7,-15.4,148.0
2023-10-24,0.731,0.6,-0.243,-16.7,458.0,400.0,-20.3,-20.7,59.6
2023-10-25,0.387,0.72,0.247,57.2,450.1,400.0,-2.5,15.1,99.6
2023-10-26,0.565,0.698,0.194,-11.0,427.7,400.0,-36.3,3.1,-11.8
2023-10-27,0.585,0.589,-0.23,43.0,414.7,400.0,-13.8,6.6,33.6
2023-10-30,0.656,0.628,0.13,68.6,351.9,400.0,18.5,4.5,132.9
2023-10-31,0.617,0.557,0.02,31.8,402.4,400.0,10.8,-11.7,208.4
2023-11-01,0.751,0.677,0.403,-12.3,359.7,400.0,10.5,-17.2,102.0
2023-11-02,0.621,0.754,0.177,-42.5,430.1,400.0,-2.3,16.3,240.6
2023-11-03,0.469,0.555,0.211,116.9,442.4,400.0,-11.9,7.4,213.7
2023-11-06,0.447,0.589,-0.119,50.1,467.4,400.0,-5.1,19.3,172.7
2023-11-07,0.827,0.718,0.001,36.1,409.2,400.0,8.6,-15.9,105.9
2023-11-08,0.643,0.953,-0.151,95.5,430.3,400.0,11.3,1.1,95.3
2023-11-09,0.619,0.732,0.106,66.7,379.4,400.0,-31.6,11.9,9.2
2023-11-13,0.639,0.628,0.099,47.2,330.8,400.0,2.2,27.0,77.4
2023-11-14,0.63,0.525,0.309,15.7,362.9,400.0,7.4,6.9,-56.2
2023-11-15,0.554,0.777,0.468,9.4,437.5,400.0,-13.6,5.9,30.2
2023-11-16,0.691,0.552,0.082,72.3,383.7,400.0,10.9,-10.2,125.6
2023-11-17,0.752,0.625,-0.57,-35.9,306.5,400.0,-22.1,-2.7,104.0
2023-11-20,0.727,0.603,0.506,53.3,395.9,400.0,6.4,-19.7,232.3
2023-11-21,0.594,0.639,0.297,-62.3,380.5,400.0,-54.0,-9.6,-14.1
2023-11-22,0.442,0.536,-0.155,-38.3,389.8,400.0,-10.7,15.5,256.6
2023-11-24,0.406,0.764,1.361,10.8,426.0,400.0,-13.9,-11.4,121.2
2023-11-27,0.744,0.703,0.125,74.9,524.3,400.0,26.7,0.6,152.5
2023-11-28,0.527,0.613,-0.088,14.0,332.2,400.0,-6.7,-7.4,225.0
2023-11-29,0.623,0.621,-0.029,3.4,489.2,400.0,-20.5,4.4,153.0
2023-11-30,0.469,0.609,0.399,-16.0,405.7,400.0,20.1,-9.0,-125.8
2023-12-01,0.63,0.664,-0.08,58.9,467.1,400.0,1.1,5.4,264.8
2023-12-04,0.767,0.556,-0.342,27.3,424.8,400.0,5.7,6.0,60.2
2023-12-05,0.795,0.524,0.479,10.3,402.4,400.0,-13.0,-9.7,56.8
2023-12-06,0.391,0.623,0.094,77.8,426.2,400.0,28.2,-18.0,172.3
2023-12-07,0.706,0.727,-0.05,-45.8,313.3,400.0,-6.8,-15.2,26.1
2023-12-08,0.466,0.834,0.371,73.8,370.3,400.0,-6.1,10.4,135.7
2023-12-11,0.864,0.672,0.139,-44.7,414.0,400.0,7.9,-24.6,-67.3
2023-12-12,0.891,0.748,0.005,-15.9,320.8,400.0,9.9,-12.4,93.5
2023-12-13,0.657,0.748,0.025,43.2,403.7,400.0,47.2,0.2,131.1
2023-12-14,0.615,0.689,0.211,39.0,347.4,400.0,22.0,18.7,33.3
2023-12-15,0.572,0.705,0.439,33.7,427.1,400.0,4.8,11.0,24.9
2023-12-18,0.823,0.603,0.233,1.3,428.6,400.0,-20.9,-6.9,177.7
2023-12-19,0.624,0.562,0.634,55.5,479.8,400.0,-21.3,-8.7,98.7
2023-12-20,0.644,0.535,-0.308,39.9,422.3,400.0,1.0,-2.1,43.0
2023-12-21,0.565,0.627,-0.175,65.3,334.6,400.0,36.5,21.6,143.1
2023-12-22,0.607,0.682,-0.438,7.3,366.6,400.0,27.3,-17.9,29.1
2023-12-26,0.679,0.608,-0.029,36.4,323.0,400.0,10.0,-17.8,-47.8
2023-12-27,0.665,0.644,0.604,70.0,422.9,400.0,-29.5,-1.2,-32.1
2023-12-28,0.735,0.472,0.291,87.3,371.8,400.0,-20.6,6.4,94.8
2023-12-29,0.636,0.922,0.343,-9.9,401.2,400.0,-7.5,-13.8,75.4
2024-01-02,0.578,0.842,0.198,-33.6,390.5,400.0,-1.4,11.9,74.2
2024-01-03,0.648,0.63,-0.101,-27.1,322.7,400.0,-8.3,12.0,127.2
2024-01-04,0.635,0.685,0.546,-37.0,418.5,400.0,23.6,-0.7,-64.3
2024-01-05,0.493,0.849,-0.063,137.3,451.2,400.0,27.7,-6.7,142.7
2024-01-08,0.284,0.745,0.048,99.8,356.8,400.0,-8.0,2.5,40.1
2024-01-09,0.455,0.582,0.674,18.7,381.2,400.0,-9.0,-31.9,103.7
2024-01-10,0.413,0.711,0.265,-23.1,442.8,400.0,-7.6,-28.2,158.9
2024-01-11,0.733,0.485,0.363,7.5,356.0,400.0,-9.2,6.2,213.4
2024-01-12,0.46,0.683,-0.038,21.0,393.5,400.0,7.8,-22.3,23.2
2024-01-16,0.814,0.685,-0.314,-54.7,426.1,400.0,-6.0,-11.3,175.5
2024-01-17,0.488,0.426,-0.301,16.6,457.4,400.0,21.4,3.1,145.5
2024-01-18,0.691,0.773,-0.087,33.1,409.7,400.0,-4.5,13.3,84.4
2024-01-19,0.887,0.703,0.016,-18.2,354.5,400.0,-15.5,5.8,142.8
2024-01-22,0.69,0.611,0.098,4.3,416.6,400.0,0.1,-1.3,59.8
2024-01-23,0.89,0.618,0.168,43.6,372.9,400.0,-3.5,-0.3,12.7
2024-01-24,0.458,0.751,0.134,17.4,394.1,400.0,0.6,-6.2,186.5
2024-01-25,0.779,0.579,0.3,-15.6,334.3,400.0,-4.9,0.1,81.2
2024-01-26,0.494,0.575,0.183,16.3,347.5,400.0,-40.2,-1.8,241.0
2024-01-29,0.748,0.561,0.399,73.2,434.5,400.0,-12.9,13.1,221.5
2024-01-30,0.591,0.745,0.231,74.1,414.3,400.0,17.5,-0.3,-0.2
2024-01-31,0.636,0.726,0.143,-28.9,377.6,400.0,-10.6,-5.7,231.9
2024-02-01,0.597,0.513,-0.101,70.1,349.4,400.0,-36.9,12.8,88.0
2024-02-02,0.554,0.668,0.264,4.1,473.7,400.0,1.9,2.4,137.3
2024-02-05,0.619,0.685,-0.282,28.5,430.2,400.0,18.0,5.8,128.4
2024-02-06,0.665,0.792,0.475,45.2,528.4,400.0,32.9,-21.8,21.4
2024-02-07,0.375,0.601,0.404,-48.3,351.2,400.0,14.2,-14.6,69.0
2024-02-08,0.558,0.587,0.023,24.3,317.6,400.0,20.7,1.2,196.3
2024-02-09,0.698,0.713,-0.019,62.9,422.1,400.0,16.2,13.4,123.8
2024-02-12,0.624,0.586,0.387,18.6,392.1,400.0,3.0,10.5,-2.4
2024-02-13,0.745,0.73,0.083,24.8,388.2,400.0,-22.8,-10.7,177.0
2024-02-14,0.379,0.678,0.369,48.4,334.7,400.0,-2.1,5.3,4.1
2024-02-15,0.647,0.442,0.418,0.6,401.6,400.0,13.8,16.8,175.8
2024-02-16,0.715,0.62,-0.127,13.8,364.0,400.0,1.1,-6.2,223.1
2024-02-20,0.558,0.675,-0.348,26.0,342.0,400.0,23.3,-8.2,17.6
2024-02-21,0.542,0.735,0.069,30.4,364.2,400.0,4.8,10.4,189.9
2024-02-22,0.802,0.59,0.367,-9.7,309.4,400.0,-6.9,19.7,177.3
2024-02-23,0.162,0.551,0.085,54.8,456.8,400.0,8.5,2.3,242.5
2024-02-26,0.526,0.548,0.407,-16.0,394.4,400.0,-15.3,-19.4,4.1
2024-02-27,0.515,0.673,-0.24,-15.8,392.4,400.0,1.3,7.6,-5.1
2024-02-28,0.693,0.654,-0.451,12.0,476.9,400.0,-5.5,7.5,50.6
2024-02-29,0.752,0.567,0.123,45.9,365.8,400.0,-21.0,6.8,8.6
2024-03-01,0.761,0.704,-0.211,-32.2,334.4,400.0,14.7,-8.6,315.1
2024-03-04,0.507,0.675,-0.038,0.4,433.2,400.0,-18.8,32.9,104.7
2024-03-05,0.639,0.58,0.047,-26.5,333.2,400.0,5.3,24.3,106.9
2024-03-06,0.521,0.581,0.415,-4.5,272.1,400.0,-7.5,-2.0,230.9
2024-03-07,0.756,0.858,0.329,-19.2,435.6,400.0,6.3,-16.0,54.3
2024-03-08,0.641,0.392,-0.033,12.8,412.6,400.0,0.8,-8.5,137.7
2024-03-11,0.59,0.466,0.445,-57.8,376.5,400.0,-11.9,10.2,-24.9
2024-03-12,0.629,0.625,0.738,35.6,324.6,400.0,-0.8,7.2,74.9
2024-03-13,0.74,0.768,0.105,45.6,431.5,400.0,1.5,9.1,239.0
2024-03-14,0.649,0.546,0.481,-39.2,371.0,400.0,25.3,5.3,204.7
2024-03-15,0.556,0.719,0.732,12.7,445.3,400.0,36.9,13.3,138.2
2024-03-18,0.571,0.438,0.321,55.1,432.9,400.0,-19.7,-10.5,87.9
2024-03-19,0.71,0.619,0.015,-45.3,351.0,400.0,-13.4,-11.9,105.4
2024-03-20,0.446,0.686,0.263,84.2,321.6,400.0,-46.4,3.4,136.3
2024-03-21,0.743,0.753,-0.174,23.4,424.9,400.0,-23.3,-15.9,-51.2
2024-03-22,0.31,0.722,-0.097,-17.2,421.4,400.0,-18.7,-23.2,234.0
2024-03-25,0.611,0.424,-0.018,-12.8,419.3,400.0,-42.5,2.8,-24.6
2024-03-26,0.5,0.651,0.111,17.8,398.8,400.0,-32.2,-9.9,6.3
2024-03-27,1.0,0.564,0.187,5.1,457.9,400.0,-5.7,1.7,-60.3
2024-03-28,0.251,0.637,-0.189,35.3,590.9,400.0,-10.4,3.7,156.3
2024-03-29,0.551,0.612,0.606,-10.8,501.3,400.0,-8.9,-11.6,256.6
2024-04-01,0.497,0.733,0.069,-12.0,415.6,400.0,-17.4,0.4,-3.6
2024-04-02,0.725,0.646,-0.03,20.4,446.4,400.0,56.0,-8.4,52.6
2024-04-03,0.788,0.679,0.581,-17.0,385.9,400.0,7.5,-22.5,56.0
2024-04-04,0.585,0.657,0.354,-1.5,269.9,400.0,-1.0,7.0,38.1
2024-04-05,0.201,0.384,0.224,46.7,492.1,400.0,25.6,18.4,87.8
2024-04-08,0.887,0.655,0.224,-57.4,358.4,400.0,-3.6,3.6,86.6
2024-04-09,0.75,0.645,0.126,18.6,320.8,400.0,-27.8,20.9,170.4
2024-04-10,0.872,0.708,0.102,35.9,464.1,400.0,-15.1,9.3,98.3
2024-04-11,0.577,0.706,0.167,57.9,543.5,400.0,32.0,-9.8,-15.7
2024-04-12,0.65,0.434,0.348,14.0,429.4,400.0,-6.9,0.7,205.1
2024-04-15,0.52,0.519,-0.106,5.9,386.2,400.0,-35.2,28.3,213.3
2024-04-16,0.278,0.66,0.255,-38.2,463.4,400.0,15.4,-9.9,57.1
2024-04-17,0.538,0.715,-0.084,-7.9,420.8,400.0,6.6,1.3,171.4
2024-04-18,0.465,0.612,0.542,49.9,322.0,400.0,-12.0,15.0,193.5
2024-04-19,0.586,0.711,0.011,-30.8,338.9,400.0,3.6,12.8,95.7
2024-04-22,0.362,0.885,-0.024,-72.3,370.7,400.0,26.4,-9.4,64.2
2024-04-23,0.696,0.71,-0.45,59.6,422.8,400.0,14.4,29.3,221.8
2024-04-24,0.651,0.817,-0.04,-0.5,448.0,400.0,-4.4,0.6,95.3
2024-04-25,0.281,0.617,0.394,47.7,377.2,400.0,23.5,-2.0,194.5
2024-04-26,0.234,0.724,0.551,-31.3,462.4,400.0,30.2,-9.9,296.7
2024-04-29,0.472,0.773,-0.458,8.8,486.2,400.0,-19.6,20.1,169.7
2024-04-30,0.723,0.775,-0.236,-11.3,390.6,400.0,43.9,-17.8,-14.9
2024-05-01,0.92,0.406,0.253,25.7,315.4,400.0,2.1,-4.9,31.3
2024-05-02,0.445,0.581,-0.018,15.6,443.5,400.0,13.5,18.3,28.1
2024-05-03,0.516,0.753,0.821,38.5,508.3,400.0,2.2,9.6,137.5
2024-05-06,0.409,0.475,0.281,1.0,372.9,400.0,11.8,25.3,-61.1
2024-05-07,0.568,0.552,0.445,52.1,500.7,400.0,10.8,17.5,100.7
2024-05-08,0.57,0.719,0.445,-18.5,364.5,400.0,-10.2,-14.1,42.3
2024-05-09,0.747,0.561,0.099,46.2,391.2,400.0,4.8,7.6,-79.1
2024-05-10,0.379,0.512,-0.123,59.8,474.7,400.0,22.6,-17.7,95.9
2024-05-13,0.749,0.815,0.816,20.8,384.4,400.0,-10.6,9.5,-15.5
2024-05-14,0.714,0.59,-0.07,-24.8,317.7,400.0,20.2,-15.7,29.7
2024-05-15,0.513,0.516,-0.076,-66.8,441.5,400.0,-28.9,0.2,162.2
2024-05-16,0.485,0.518,0.188,0.2,324.2,400.0,13.6,-18.6,83.1
2024-05-17,0.563,0.8,0.003,-33.8,455.9,400.0,55.6,-7.1,190.5
2024-05-20,0.486,0.689,-0.18,-11.3,446.9,400.0,8.8,-7.1,166.7
2024-05-21,0.547,0.808,0.166,98.4,488.8,400.0,-26.8,-1.9,190.9
2024-05-22,0.325,0.62,0.171,1.3,346.8,400.0,17.7,13.3,200.6
2024-05-23,0.551,0.661,0.159,-47.1,347.8,400.0,31.4,-10.6,70.0
2024-05-24,0.539,0.542,-0.325,-14.1,399.5,400.0,10.8,-16.8,79.4
2024-05-28,0.623,0.76,-0.31,48.8,374.7,400.0,-7.8,2.1,17.3
2024-05-29,0.79,0.526,0.085,19.9,302.7,400.0,-18.4,11.6,128.8
2024-05-30,0.572,0.87,0.462,37.8,382.7,400.0,1.7,-3.1,106.8
2024-05-31,0.453,0.516,0.397,84.7,402.8,400.0,11.6,9.1,12.4
2024-06-03,0.34,0.489,0.109,7.2,430.6,400.0,-36.3,-1.6,109.0
2024-06-04,0.684,0.692,-0.246,70.1,412.3,400.0,27.1,-2.7,174.2
2024-06-05,0.634,0.559,0.39,37.2,387.5,400.0,-59.0,11.2,71.8
2024-06-06,0.585,0.589,0.684,-13.6,494.4,400.0,19.9,17.6,109.6
2024-06-07,0.624,0.776,0.353,67.2,379.3,400.0,15.7,9.1,127.9
2024-06-10,0.726,0.829,0.624,18.9,362.3,400.0,21.6,1.9,144.2
2024-06-11,0.646,0.66,0.345,63.6,387.8,400.0,-26.8,-19.9,145.3
2024-06-12,0.647,0.614,0.588,2.8,434.2,400.0,20.8,0.1,69.6
2024-06-13,0.814,0.61,0.217,-63.5,371.6,400.0,47.9,-14.4,-78.7
2024-06-14,0.608,0.702,-0.327,-77.6,431.9,400.0,-2.8,5.0,49.5
2024-06-17,0.498,0.371,0.153,31.3,432.6,400.0,5.3,-6.8,62.5
2024-06-18,0.796,0.638,0.269,-11.1,361.1,400.0,-28.3,23.4,208.4
2024-06-20,0.515,0.521,-0.238,-63.0,371.4,400.0,-15.5,18.4,8.0
2024-06-21,0.417,0.682,-0.572,30.4,512.8,400.0,-5.7,9.1,218.0
2024-06-24,0.662,0.625,0.14,42.3,407.3,400.0,-26.5,-21.2,144.0
2024-06-25,0.697,0.662,0.177,13.7,250.0,400.0,-21.4,-12.4,163.6
2024-06-26,0.481,0.671,0.111,4.2,355.8,400.0,-8.4,16.3,43.1
2024-06-27,0.726,0.7,0.534,40.9,436.1,400.0,11.2,-2.2,16.9
2024-06-28,0.599,0.554,0.392,3.0,397.1,400.0,-28.5,7.9,233.1
2024-07-01,0.53,0.791,0.469,-4.0,400.0,400.0,-1.0,-19.0,22.7
2024-07-02,0.605,0.666,0.419,-36.2,442.6,400.0,-31.6,-23.4,24.5
2024-07-03,0.508,0.673,0.003,-43.9,352.0,400.0,-1.1,-4.3,-7.8
2024-07-05,0.598,0.644,0.02,11.2,409.1,400.0,28.2,9.1,-10.6
2024-07-08,0.851,0.581,-0.112,-21.9,389.0,400.0,5.4,-21.7,110.8
2024-07-09,0.55,0.72,0.329,77.8,413.7,400.0,24.4,10.5,207.5
2024-07-10,0.544,0.677,-0.416,13.1,378.1,400.0,0.5,7.8,113.4
2024-07-11,0.471,0.897,0.02,-33.2,380.5,400.0,7.3,16.5,142.3
2024-07-12,0.533,0.561,0.032,20.3,427.6,400.0,-16.9,-9.5,168.4
2024-07-15,0.411,0.818,-0.012,5.0,344.3,400.0,14.0,20.6,-93.0
2024-07-16,0.531,0.648,0.121,27.1,364.6,400.0,-12.5,-12.5,116.7
2024-07-17,0.494,0.641,-0.148,27.5,495.5,400.0,-24.4,-28.9,134.2
2024-07-18,0.563,0.545,0.442,-19.8,431.3,400.0,-0.9,1.1,-5.7
2024-07-19,0.444,0.695,0.398,20.6,452.5,400.0,-30.1,12.4,155.1
2024-07-22,0.972,0.628,0.358,90.7,403.0,400.0,12.7,-9.9,59.6
2024-07-23,0.479,0.708,0.356,-19.6,408.9,400.0,38.7,3.8,86.6
2024-07-24,0.539,0.539,0.856,-6.7,350.8,400.0,-5.7,15.8,250.6
2024-07-25,0.639,0.676,0.158,-41.4,416.0,400.0,-4.8,21.3,181.7
2024-07-26,0.66,0.653,0.09,60.6,416.1,400.0,10.0,11.9,148.6
2024-07-29,0.71,0.596,0.712,7.2,450.5,400.0,11.9,-3.4,134.2
2024-07-30,0.561,0.663,-0.001,-51.3,384.0,400.0,2.6,-3.0,30.0
2024-07-31,0.472,0.649,-0.074,-38.6,399.1,400.0,-32.4,-5.5,55.6
2024-08-01,0.822,0.716,0.331,-25.5,559.9,400.0,24.1,0.8,109.1
2024-08-02,0.467,0.755,0.14,60.3,402.3,400.0,21.5,11.5,18.7
2024-08-05,0.568,0.71,0.701,15.6,350.2,400.0,-24.4,-14.0,34.2
2024-08-06,0.608,0.669,0.215,2.1,431.8,400.0,-56.0,-8.7,49.5
2024-08-07,0.693,0.525,0.002,-19.6,409.3,400.0,54.5,10.8,268.8
2024-08-08,0.665,0.569,0.374,10.5,347.4,400.0,-14.5,-2.3,194.3
2024-08-09,0.512,0.756,-0.255,-14.9,425.1,400.0,-28.2,2.6,106.1
2024-08-12,0.631,0.701,-0.044,63.5,460.9,400.0,-58.1,9.6,8.7
2024-08-13,0.367,0.603,0.365,16.2,360.0,400.0,-10.2,-2.2,106.2
2024-08-14,0.93,0.756,-0.203,-31.2,475.7,400.0,11.0,-12.6,91.3
2024-08-15,0.479,0.572,-0.0,-18.4,361.5,400.0,38.3,24.4,238.2
2024-08-16,0.735,0.548,0.393,77.1,350.9,400.0,-7.6,5.9,223.9
2024-08-19,0.454,0.77,0.469,1.8,408.0,400.0,-36.4,14.3,26.4
2024-08-20,0.696,0.812,0.36,71.8,444.0,400.0,8.7,-3.3,156.1
2024-08-21,0.447,0.59,-0.647,18.8,450.6,400.0,5.8,4.6,53.8
2024-08-22,0.734,0.737,0.219,27.5,418.9,400.0,-14.0,18.2,22.9
2024-08-23,0.886,0.754,0.477,-11.5,332.0,400.0,-6.4,4.9,198.6
2024-08-26,0.611,0.667,0.708,42.4,346.8,400.0,3.1,0.7,124.2
2024-08-27,0.685,0.627,-0.243,-37.9,379.9,400.0,16.1,-15.4,318.3
2024-08-28,0.746,0.578,-0.277,-19.9,432.7,400.0,11.1,-30.2,78.8
2024-08-29,0.513,0.668,0.192,24.0,376.5,400.0,5.3,27.4,25.3
2024-08-30,0.742,0.619,-0.307,-1.6,459.1,400.0,1.0,0.3,41.5
2024-09-03,0.532,0.777,0.045,11.4,513.8,400.0,38.8,36.7,104.6
2024-09-04,0.925,0.781,0.25,31.3,343.9,400.0,10.9,8.8,7.7
2024-09-05,0.418,0.644,0.396,8.5,403.0,400.0,22.2,-9.2,66.5
2024-09-06,0.624,0.713,0.257,13.5,435.0,400.0,17.5,-2.5,6.4
2024-09-09,0.446,0.699,0.397,83.9,450.0,400.0,7.1,23.7,43.4
2024-09-10,0.779,0.838,0.379,-69.8,413.2,400.0,29.8,21.4,44.6
2024-09-11,0.974,0.65,0.179,-9.4,393.2,400.0,-15.2,14.1,138.3
2024-09-12,0.643,0.698,0.204,2.4,306.1,400.0,16.5,-22.7,74.8
2024-09-13,0.89,0.634,0.594,47.7,375.8,400.0,-26.3,-23.0,80.4
2024-09-16,0.725,0.726,0.324,40.4,436.5,400.0,1.3,19.4,54.1
2024-09-17,0.851,0.594,0.345,-90.1,481.0,400.0,-38.6,9.1,-22.5
2024-09-18,0.723,0.509,0.169,54.8,332.7,400.0,-25.2,23.5,41.3
2024-09-19,0.864,0.889,-0.292,14.2,475.6,400.0,-8.5,-1.1,220.2
2024-09-20,0.842,0.569,0.04,39.1,460.3,400.0,36.4,-14.2,-11.0
2024-09-23,0.527,0.508,0.199,-11.6,411.4,400.0,-3.3,4.9,70.6
2024-09-24,0.531,0.703,0.476,34.5,352.8,400.0,14.7,6.9,24.3
2024-09-25,0.57,0.657,0.6,26.4,483.9,400.0,30.2,-11.5,133.6
2024-09-26,0.508,0.521,0.026,5.5,394.6,400.0,-4.4,-18.7,47.1
2024-09-27,0.684,0.669,0.441,75.2,428.5,400.0,34.5,10.0,113.4
2024-09-30,0.821,0.58,-0.174,102.3,351.5,400.0,-0.8,-12.8,188.1
2024-10-01,0.679,0.501,0.199,8.2,313.9,400.0,-20.5,30.2,93.1
2024-10-02,0.553,0.707,0.405,-54.9,440.4,400.0,22.0,24.6,45.4
2024-10-03,0.636,0.663,0.709,31.0,423.6,400.0,12.6,11.7,207.1
2024-10-04,0.306,0.726,-0.199,-20.0,427.6,400.0,-6.0,25.3,71.2
2024-10-07,0.43,0.553,-0.214,23.2,335.8,400.0,-19.1,8.7,146.3
2024-10-08,0.555,0.752,0.628,28.0,447.1,400.0,20.2,-3.3,58.5
2024-10-09,0.678,0.534,0.602,16.8,443.5,400.0,-22.2,24.2,152.3
2024-10-10,0.563,0.655,0.166,-31.1,549.2,400.0,-43.4,8.1,157.1
2024-10-11,0.631,0.596,0.251,-47.5,384.3,400.0,23.3,-6.0,232.0
2024-10-15,0.565,0.546,-0.014,-34.0,297.5,400.0,17.7,-15.1,70.7
2024-10-16,0.541,0.722,0.056,6.1,373.7,400.0,13.6,-10.2,186.2
2024-10-17,0.429,0.712,-0.41,67.5,376.4,400.0,-5.6,17.3,156.6
2024-10-18,0.667,0.623,0.108,-2.0,406.8,400.0,13.7,-1.0,84.8
2024-10-21,0.532,0.626,0.142,54.2,440.2,400.0,-15.1,26.7,21.0
2024-10-22,0.621,0.655,0.721,-67.4,367.1,400.0,3.6,9.7,-28.3
2024-10-23,0.505,0.66,0.551,29.1,463.5,400.0,35.6,12.1,82.0
2024-10-24,0.688,0.544,0.266,75.3,400.2,400.0,-0.6,-9.6,57.8
2024-10-25,0.617,0.619,-0.182,-25.6,272.4,400.0,9.5,-6.8,107.0
2024-10-28,0.641,0.546,-0.044,3.1,397.3,400.0,-26.7,-20.5,44.5
2024-10-29,0.486,0.719,0.035,15.7,362.6,400.0,-9.5,-11.4,153.9
2024-10-30,0.477,0.375,0.41,38.8,408.0,400.0,-4.4,-8.6,80.2
2024-10-31,0.647,0.636,-0.395,-35.0,462.8,400.0,22.1,-2.9,111.2
2024-11-01,0.387,0.73,0.041,-39.1,329.7,400.0,41.2,29.7,-22.4
2024-11-04,0.73,0.673,0.085,37.5,390.1,400.0,6.9,-8.2,98.7
2024-11-05,0.583,0.567,-0.342,31.1,498.3,400.0,-34.5,19.9,172.6
2024-11-06,0.454,0.34,0.386,-28.5,376.8,400.0,-23.6,-16.5,79.4
2024-11-07,0.375,0.691,-0.589,35.1,361.7,400.0,23.2,-8.2,-35.9
2024-11-08,0.752,0.763,0.035,4.8,512.1,400.0,-14.0,3.2,68.3
2024-11-12,0.263,0.634,0.089,-25.9,430.0,400.0,15.6,14.9,177.9
2024-11-13,0.671,0.751,0.53,-23.0,485.4,400.0,7.2,0.3,-13.6
2024-11-14,0.621,0.676,0.309,-2.0,359.2,400.0,0.9,-2.8,-117.2
2024-11-15,0.695,0.648,-0.444,123.8,374.6,400.0,5.6,11.5,94.4
2024-11-18,0.437,0.706,-0.175,18.7,340.2,400.0,3.7,2.9,-12.2
2024-11-19,0.499,0.652,-0.358,-22.7,430.8,400.0,-26.5,-21.7,-38.2
2024-11-20,0.649,0.801,0.069,-21.7,358.8,400.0,-5.7,23.5,91.5
2024-11-21,0.608,0.727,-0.129,35.1,346.3,400.0,42.7,5.3,222.5
2024-11-22,0.732,0.657,0.036,7.1,408.2,400.0,-22.0,3.1,52.8
2024-11-25,0.593,0.867,-0.231,8.4,420.6,400.0,-22.6,3.1,-31.2
2024-11-26,0.81,0.586,-0.116,-7.8,395.8,400.0,-9.0,-21.1,-90.1
2024-11-27,0.621,0.709,0.325,-38.0,407.0,400.0,37.9,-22.2,115.0
2024-11-29,0.844,0.714,0.326,13.7,493.3,400.0,-18.1,27.4,116.9
2024-12-02,0.858,0.774,-0.19,93.1,462.4,400.0,-9.7,-4.8,87.4
2024-12-03,0.863,0.693,-0.617,5.4,397.2,400.0,-20.3,-1.0,175.6
2024-12-04,0.489,0.624,0.434,6.3,438.1,400.0,-10.4,-4.6,165.9
2024-12-05,0.783,0.645,0.087,34.3,451.9,400.0,-5.6,3.5,8.6
2024-12-06,0.597,0.708,-0.09,9.7,419.6,400.0,9.9,-9.6,188.1
2024-12-09,0.597,0.913,-0.246,-25.1,354.5,400.0,-32.6,-5.8,106.4
2024-12-10,0.723,0.471,0.006,-8.9,289.6,400.0,4.9,-2.6,69.1
2024-12-11,0.547,0.769,0.055,-11.7,509.5,400.0,-19.7,6.7,3.0
2024-12-12,0.35,0.778,0.309,43.3,402.3,400.0,8.9,9.4,26.8
2024-12-13,0.604,0.75,0.777,-14.7,428.6,400.0,-29.8,-0.3,10.8
2024-12-16,0.884,0.658,-0.086,-36.4,347.2,400.0,-5.6,-27.1,209.3
2024-12-17,0.548,0.599,0.49,55.7,386.2,400.0,-18.4,14.6,64.5
2024-12-18,0.589,0.593,-0.058,44.6,352.3,400.0,2.1,9.8,104.0
2024-12-19,0.659,0.765,-0.039,22.0,339.9,400.0,31.5,-20.6,-71.2
2024-12-20,0.545,0.755,-0.464,-17.8,419.8,400.0,11.9,-1.3,2.5
2024-12-23,0.57,0.462,-0.4,-89.6,420.1,400.0,12.5,-4.5,39.5
2024-12-24,0.619,0.55,-0.473,99.1,407.4,400.0,-1.4,17.0,256.9
2024-12-26,0.538,0.635,0.473,102.8,406.0,400.0,-3.9,9.8,75.4
2024-12-27,0.797,0.59,0.266,15.8,431.9,400.0,-2.8,-17.7,73.2
2024-12-30,0.918,0.731,0.579,16.6,250.0,400.0,-5.0,30.7,-10.8
2024-12-31,0.669,0.589,-0.304,-21.4,447.5,400.0,-12.5,-0.1,48.3
